,Steming,Label
276,nikuba hoakmana ferraripakenikuba emang orang bodo ygmpercaya,netral
298,curiga orang bn dtang kesana jngn udang balik bakwan singkir pnemu nikuba asli,negatif
480,brin hmmm enak loe kenal kenal nikuba,positif
551,perintah terima hasil karya anak bangsa perintah rugi contoh bbm kalah saing nikuba jabat cuan bbm rugi masalah anak indonesia temu tenaga listrik pohon perintah cuwek respon anak bangsa hasil karya teknologi rebut brunei turkiye perintah indonesia berat lepas anak bangsa,negatif
190,apa ajar kompensasi hak paten apa hak paten uang nikuba,netral
447,moga misel sukses jaya makmur sentosa cipta teknologi nikuba bahan bak kapal udara kapal selam kapal antariksa teknologi jual milyar dolar usa,positif
31,berita nikuba lirik mulu untung lirik,netral
497,dasar ilmuwan dahulu sejarah tua anggap gila orangorang keliling suat mustahil tiada samping orangorang sempurna temu baru nama harum mata dunia denger sekolah,positif
391,negera jahat kritik potensi apa nikuba lihat keraguanya temu potensi peluang kroyok besar bagaimna pesawat upaya upaya orang temu pikir pesawat wujud terbang,negatif
250,perintah negara rugi nikuba rakyat indonesia,positif
333,hasil kecil size file kurang kualitas data rekrut usaha google riset nikuba pinang pabrikan kendara italy temu senjata magnetik rekrut industri tahan jerman,positif
336,coba ajar netizen teknologi kek nikuba gaefisien sumber energi air aki klaim air jalan ampe km sulit gamasuk akal sains keburu abis aki,negatif
507,fakta nikuba diujidipakai kendara dinas kodam diponegoro bukti efektif aneh brin negeri wakanda,positif
10,nikubasingkatan niku bactomongmya doang gede mediapadahal kenyataanya sesuai faktakatanya itali tawar piha ferrariducati cs nyapadahal fakta aryanto italali hadir kopdar klub otomotifjd ferrari yabnyak media online abal judul beritaisinya bodoh semuaterutama tribun tuhcuma nyari viewer ketimbang efek berita timbul,netral
495,hnya hho generator nikuba alat bnyak djual toko online,positif
112,tanya simple kembang nikuba ketimbang wara wiri ngeributin motor elektrik,netral
454,isi orang sok pinter takut depak,negatif
451,brin buka korup temu nikuba putra bangsatidak dukung,negatif
351,nikuba scam,negatif
379,pro nikuba kayak mantan korban kanjeng mas deh,positif
65,bela perintah bela temu nikuba hina leceh temu tetep hormat usaha semangat aryanto misel usaha bahan bakar air kemarin orang temu kali teknologi bicara fisika ilmiah nukuba bahan bakar air sesimple nikuba bahan bakar air negara maju terap produksi masal mobil produksinyatapi fakta mobil teknologi bahan bakar air bahan bakar air terap mobil motor produksi masal jawab air energi butuh proses elektrolisis air kandung molekul hidrogen proses elektrolisis proses hidrogen bahan bakar fungsi aki proses elektrolisis pisah hidrogen air bakar butuh listrik lumayan listrik mesin kendara inti pakai bahan bakar air isi aki alat tambah tank bensin makan nikuba tenaga mesin gerak aki bensin nikuba ubah air energi tenaga mesin butuh aki jalan simpul mengunakan bensin tenaga aki resiko aki tekor soak rusak fakta sulit isi aki ngisi bensin harga cair aki awat aki simplekarena sampe teknologi bahan bakar air sulit kembang telur ayam muter nikuba sebenrnya ganti bahan bakar bensin rubah aki rumus fisika energi cipta energi kecuali mukzizat tuhan,negatif
414,nikuba hoak,netral
126,temu tiru tabung madam api singkong peneleitian bocah sma alat nikuba prinsip generator hidrogen fakta bahan bakar sempurna bakar konsumsi bbm hemat prototype nikuba generator hidrogen plagiat prorotype generator hidrogen joko energy chanel,positif
406,nikuba saudara banyu gen sempet viral mengegerkan jagat teknokogi industri us dunia tipu bela teknologi silah ajar pisah air ho serta energi butuh fisika kimia tipu hebat netizen indonesia lambung teknologi ironman bal listrik pohon kendondong dsb,netral
196,kerja nikuba air pecah hidrogen oksigen pakai listrik aki hidrogen masuk bakar motor jalan kerja aki berat mecah air bakar,negatif
519,nikuba lirik olh usaha ri takut dagang usaha pro aseng laku,negatif
219,stanley meyer water fuel cell krisis minyak amrik paten nikuba masaaaa,negatif
465,pakai bbm tidak alas kali mending deh pakai nikuba bahan bakar pakai air,positif
137,indonesia banyak cukong temu teknologi mals kembang negara habibi jermanlah milik kariyanya habibiparah parah sekarqng nikuba kembang indonesia makmur sedang andal bahan bakar minyak bensin solar,negatif
271,orng ribut bawa berita paham teknologi energi baru gimana nikuba jaman sby jg banyu birubanyu genidan kenal teknologi nikuba tpi orng denmark dlu an tpi jgemng dasar air dirubh mnjdi daya air ubah bahan bakar biaya besarmalah mahal dari bbm edar inijdi inti tipu,negatif
7,nikuba gantiin bensin media kocak ginian angkat polemik masyarakat gmpang percaya bodoh,positif
386,dengar ulas kayak ganti bbm kerja mobil spd mtr tenaga listrik alat sendiri ubah air tenaga alektrik ganti bbm logika olah air nama nikuba masuk tangki bbm mobil butuh bbm murni ganti bbmini logika,positif
512,pakai airbahan bakar bejabat bangkrut miskin nikuba bekukandimatikan,negatif
453,brin suka esemka drpda nikuba esemka nikuba,netral
540,indonesia nikuba dukung singkir bbm bbm indonesia ladang bisnis giur,negatif
285,youtuber otomotif indonesia coba teknologi nikuba youtuber ridwan hanip suka modif motor tu om mob,positif
101,anggota tni tolol percaya nikuba baca google joko suprapto tipu presiden sby mei vonis,negatif
97,nikuba pakai tni dibbrp motor dana menhamkam triliyun nikuba milyard beli rakyat tahan rakyat,positif
224,nikuba kembang tumbang mafia migas,negatif
54,takut bangkrut nikuba muncul,negatif
30,bohong banget metro harga ambil alih bayar hak cipta sang cipta nikuba barang efisien negara maju alat massal,positif
186,lahhhberita tarik sm berita kemarin males baca banding teliti nikuba valid,positif
49,nikuba bantai stadion jis,netral
100,pas temu nikuba negeri orang acuh tidak acuh temu orang langsung ajak meeting luar gilir orang ajak temu negara orang nyempil eropa seolaholah aku tahu banget pingin numpang nama temu hasil,positif
390,negara sepele co krisis monoter pandemi covid nikuba langkah langkah inget jadi ramal cuaca hujat,negatif
516,brin tidak guna coba bantu nikuba sempurna negeri ramah ilmu ramah buzzer jelek anak bangsa,negatif
401,komentar sadar rakyat indo minim literasi ngaku harga suruh presentasi brin alas sereng tidak enak alat beli jtseingatku alas kembang orang percaya hak paten bikin hak cipta nama alat berita nikuba romania nama alat,negatif
312,nikuba nama bakteri,positif
56,temu nikuba tamat sekolah tara sma tolak,negatif
144,percaya nikuba temu orang indonesiasemangat mixel,positif
60,dapat jabat negri hormat mengakuimenghargai temu hebat,positif
6,nikuba ditelity hoaxyg percaya hoax silah,positif
8,temu nikuba koar medsos alangkah baik paten pack jual dah koar medsos,positif
362,tolol percaya nikuba gantiin mesin diesel,negatif
281,dari nikuba jenis dah riset ilmu hasil efektif knpa ributin tinggal indonesia,negatif
546,orang brin potong bisnis nikubadasar otak penghianat bongkar borok,negatif
473,memang tehnologinya paten mematenkannyahati orang barat pinter formula bocor kembang,positif
520,brin malu taek apresiasi kagak nikuba khusus undang brin ragu nikuba neliti kroscek nyinyir bacot goblok ikut muncul italia caper ngklaim numpang tenar taekkkkkk brin goblok tolol,positif
206,brin dah blacklist ama temu nikuba brin isi politikus riset cmn urus teknologi politik,positif
38,misel libat brin kembang nikuba misel paten hak cipta campur tangan perintah perintah jegal klaim temu otomatis misel kompensasi hak cipta,positif
185,nikuba nasib mobil listrik beli malaysiapayah dukung perintah ken uang kuropsi sedih,negatif
468,nikuba aku ri pertamina kerja to kena phk,netral
240,yo tehnologi kembang perintah modern tidak modern banding nikuba tehnologinya mobil esemka sangatcanggihnegara bom tanding,positif
278,birokrasi indonesia antusias temu sejarah adab dunia tanah pertiwi sejati jg subur orang jujur pintar riset stag krgnya suport generasi generasi sodor ntuk konsumsi tekhnologi kerja lain sisi sll bangga besar leluhur masa dulunya abai waris hebat besar nenek moyang dulunya tekhnologi mobil listrikpenemuan gunung padang nikuba akan tanah surga abai,positif
389,sumpah nikuba goblok alih isu,netral
301,misel kecewa undang stlah presentasi bantu ilmuwan sana ngidupin motor nikuba dari romania transfer knowledge katax lgs ttd kontrak negeri kecewa negara orang jg kecewa mwnya namax cipta alat katax revolusioner jalanx mudah mulus fergussomemang buuaanyaak khususx ilmuwan masyarakat yakin smw raguskeptislah kecewa maju katax order masuk khususx satu tninah jadi narasumber jg metro smw hasilx,negatif
474,presidenya kader tum bu mega anak cucu karnopenemu nikuba guna guna yanh guna ganjar eko kuntadi kl mah guna tidak ada manfaat,positif
124,gilir panggil orang nimbrung skeptis nikuba,netral
154,hasil ledak elektrolisis butuh energi listrik pisah hidrogen ledak hidrogen anti energi listrik buat simpul jalan nikuba hidup montor membutukan arus listrik hasil ledak berulangkali jala montor boros listrik gx efisien,positif
318,pakai nikuba rugi mafia minyak serta ritelnyawkwkwk,negatif
59,kubu percaya nikuba tuju silah hujat,negatif
329,sayang hilang orang pintar gara gara lembaga indonesia sok pintar harga karya anak bangsa kecewa nikuba alat alat aku perintah lembaga khusus tangan contoh alat bunuh kanker aku pemrintah lembaga sehat alas masuk akal kembang inti beda alas dikembangkqn contoh drone elang hitampesawat rpesawat kabar gara gara brin brin bawah proyek brin batal melanjutkannyandan lembaga tolak sikat tindak tolong menteri tri dengar hati rakyat presiden usut,negatif
478,jelek orang brin karya anak bangsa indonesia harga cemooh olah temu ganti bbm ujung jahat brin sembunyi makelar nikuba italia orang brin untung dari milik du patok harga brin sepakat selubung orang brin jual harga karya sperti mahal banget bayar kembang kendara merek kenal itali kemarin orang brin tolak mentah mentah tua inimereka orang bejat orang brin nama sungguh miris negara nkri cinta cipta amak bangsa de cemoh habis mohon presiden menhan prabowo temu tolong perhati bantu kembang ilah konpensasi orang cipta biar penenuan hebat lari negri ujung jutru konsumen temu anak bangsa jual negara asing,positif
504,teknologi nikuba nilai trilyun,positif
549,nikuba selamat kendara bensin kendara listrik,netral
284,negeri takut bbm laku nikuba kembang,negatif
345,nasib nicuba jual kantongin smua jdi senang,positif
316,sisi ekonomi nikuba ancam mafia bahan bakar teknologi apa temu teknologi trsebut ancam sisi ekonomi ato masyarakat luas berkah so,positif
55,mohon cermat lihat pengakuakuan beliau baru italia tarik beli proyek nikuba suruh presentasi ilmu ambil bayar peser netizen koar bangga salah pemerintahemang butuh teliti ilmiah,negatif
171,sebenernya allah swt sayang rakyat indonesia makan cetus internet hak patenya ambil jepang nikuba muncul perintah dzolim jual hasil bumi negeri harga mahal maju harga dikembangkann negara eropa negara minyak italia usaha ganti minyak ramah lingkung teliti lanjutannyaa,positif
239,lanjut paknikubanya moga manfaat hidup dijagad rayaaamiinlwkbgisulteng,positif
264,enerji nikuba enerji baru bayang air bahan bakar industri nikuba,positif
158,liat negri maju sdm rendah perintah susah ajak maju teknologi nikuba kadang alas terima sdm rendah,negatif
242,nikuba taik babiotak goblok sok pinterngrakit smk gakbecusdasar kacung cari mukabisa onde onde,negatif
34,beda nasib nikuba vs esemka,netral
375,nikuba release kali,netral
18,rakyat indonesia tolak nikuba bbm nikuba pamer jalan jalan bbm rakyat indonesia percaya,negatif
263,oooo metro tv media bangkit cerita hoax nikuba,positif
550,milyar nikuba nila ribu triliun eropa hydrogen viral mahal nikuba temu dasyat zaman indonesia lewat tolol ambil living in the future,negatif
536,nikuba paten koq ditutuptutupi,netral
52,moga nikuba terima ferarikita amat sampek jadi jaman sby,positif
74,preett nikuba hoax,netral
26,mantap habibi mati karya alas penting nikuba gilir ambil orang kalang kabut ajimumpung cari nama bilang masuk akal bilang masuk akal sain masuk akal contoh lampu bisa ko manusia kasih lebih akal,positif
173,perintah takut mafia minyak nikuba aku pasar peetamina rugi pom tutup,negatif
92,cumak mafia migas nolak nikuba perintah nolak,negatif
167,nikuba masuk akal njir smua ahli ngomong efisien metro jelekin prmerintah,negatif
4,alat nikuba kembang pertamina omset anjlok,netral
462,aryanto nikuba alat jenis jual mana praktikum temu hebat,negatif
181,dukung mu paktest motor tangki bbm persen pakai nikuba,positif
211,rayu brin cemooh nikuba tolak jabnrin rayu,negatif
358,orang negri sibuk urus urus kelompok orang cerdas negri undang nikuba,positif
252,pecat orang orang brin ganti misel temu nikuba,negatif
455,ketimbang pabrik batere mobil listrik mending nikuba kembang,positif
5,coba mobil putih muat toa milik kadrun ganti nikuba teriak bbm,positif
141,nikuba omong kosong main anak mudah ski percaya mo bukti in tangki motor lepas jamin motor hidup alat model sperti,positif
308,nikuba jadul ribut aneh,negatif
200,brin ngintil itali respect hasil temu beliau juang nikuba kendara roda tni hasil berangkat itali disupport pangdam siliwangi jadi spt nyanyi indo harga agt negeri seniman jabat lokal latah lomba citra,positif
135,nikuba orang indonesia jual itali kembang negara itali lambonikuba supercar beli rafiahmad adre taulani kawan kendara spt depan cina jepang korea amerika elon musk ikut kendara nikuba impor indonesia alur perintah tindak anak bangsa,positif
402,nikuba sukses produsen bbm gulung tikar pertamina hasil negara bbm hilang mobil listrik ancurrrr wkwkwkwwk ngisi bbm depot isi ulang air galon rp galon ltr wkwkwkwkwk,positif
122,pertamina ancur nikuba sah indonesia mafia enak bisnis minyak makan pom bensin kukut,positif
22,sayang karya anak bangsa harga negeri lembaga remeh,negatif
68,nikuba terap indonesia mafia bbm engga tuju,netral
210,omong kosong undang presentasi viral indonesia aku klaim andal nikuba viralnya nikuba tampak betapa bodoh bangsa tekhnologi usang bukti efektif energi harap,negatif
20,temu bpk aryanto dunia,netral
311,gilir paten nang timor leste mrenges ncen respeck petinggi raja sintoloyo tumrape kanggo poro temu alat nikuba,positif
343,jaya jepang mesti nikuba ikut jaya italia,positif
14,komennya sdm rendah minim literasi minim ilmu moga cerah nikuba hebat klaim media bombastis anak sains tertawa,positif
170,nikuba dah unggul toyota dah luncur bahan bakar air cell,negatif
338,nikuba temu orang is hoax nikuba mesin jual bukalapak,negatif
533,lanjut kerjasama negeri mudah nama bpk temu nikuba kenal dunia wakil nkri,positif
313,maju nikuba keren,netral
220,media besar searching seluk beluk nikuba nama joko energy,positif
499,dukung pakdiluar negeri aku diapresiasikayanya dateng kesana curi resep nikuba paktapi gengsi terang pengin resep gratisandipatenkan,positif
64,leginitas negri merdeka sepenuh munkinkarena kerjasama ikat itujika indonesia kembang nikuba perintah,negatif
527,demonstrasi brin masyarakat rahasia air komponen elektronik rahasia penasaran cepat elektrolisis daya butuh elektrolisis moga sukses,positif
299,perintah indonesia harga temu rakyat kes sepele hina mobil listrik riki selon lulus uji emisi teknologi nikuba luar negeri harga emang kocak perintah indonesia gilir klaim ngamuk,negatif
120,teknologi sempurnakanbaru indonesia kpd negara kembang pasar nikuba indonesiaindonesiakan doyan impordan perintah salah skil sdm ambil negara,positif
81,brin bukti ilmiah brin badan riset inovasi nasional brin inovasi nikuba bukti ilmiah,positif
539,beli minyak persen orang bumn maknya pakai nikuba,negatif
366,keren misel nikuba spt sikap,positif
246,mil nikuba protes peemu sana temu nikuba boong temu aryanto ln kecewa kecewa jual mabes tni,negatif
325,brin buang duit negara hasil jahat pakai comment nikuba layak sedang bentuk opini public skrang ambil italy ehbrin pakai nyusul italy buang duit negara asli sampah masyarakat,negatif
541,perintah tolol indonesia posisi konsumen nikuba negara asing produsen,negatif
535,bubar lembaga dukung usaha anak bangsa usaha temu teliti,negatif
160,daftar cipta nikuba royalti temu,netral
544,bubar lembaga dukung usaha anak bangsa usaha temu teliti,negatif
238,harga dari hongkong orang cipta aj harga sampa italy suruh buka formula harga padan politisasi nikuba nasdem ikut viral dukung temu,positif
441,tolak negara sempurna nikuba,negatif
268,nikuba jis buat cina jokowi dkk suka sebab maling korup dongkrak elektabilitas ganjar pbowo brin isi pr jilat rakus,positif
416,indonesia susah kreasi masker masalah sni ijin bina lanjut negri teliti sempurna nikuba,negatif
364,tetep pakai bbm nama alternatif nikuba pakai air,netral
417,nikuba bohong usaha asing tarik,positif
51,nikuba lakuyg mafia bbm ketar tir hilang cuan bayangin liter bensin rubah jarak km,negatif
195,abai brinjangan kerja samasebab tidak percaya pernemuan nikuba,negatif
191,metro tv semenjak prahara nasdem berita serang pemerintahsoal nikuba apresiasi perintah sepenuh perintah fokus energi alternatif program biosolar program jangka uji janji,negatif
116,mau bodohin ni orangnikuba cium bau gas alat alat palsu jerman butuh proses ubah air hidrogen alat cm ringkas hidrogen pakai kali orang coba alat aryanto muter muter ngeles,negatif
354,nikuba geser konsorsium takut nemunnikuba hilang bumi,positif
458,nikuba pakai indonesiaorng atas miskin korup,negatif
164,mari tunggu paten nikubajika paten brin salahapa butuh bensin tidakato fuel saver,netral
106,prinsip kerja nikuba hho ribu bahas youtube air nikuba tara liter bensin biaya energi rp tipu,positif
381,kesal temu nikuba brin betulbetul dihargain orang pintar indonesiagak maju jadi,negatif
63,brin profesor aryanto lulus stm kalah gengsi pikir salah tidak harga orang profesor mental tempe tidak legowo lanjut aryanto tunjuk temu manfaat orang tidak harga negeri regulasi gpp booming dunia teknologi nikuba nyesel,negatif
105,sayang nitizen indo tolol percaya tipu nama nikuba,negatif
344,nikuba musuh mafia migas,netral
526,bravo karya anak bangsa aku bangsa semangat nikubapenemuan hebat tetap harga aku pemimoun negeri,positif
457,nikuba teknologi dijepang coba banding listrik keluar tenaga hasil,netral
393,jual harga sebatulnya harga mahalbrin bodoh teknologo nikuba bagus hasil maksimal bbm kapal kendara teknologi,negatif
93,perintah harga tni harga karya ank bangsa dngn panggilny nikuba mil orang memanffatknnylucu dngn rezim in,positif
376,ntar teknologi nikuba pakai proyek kembang kendara listrik gagal gagal,negatif
339,mantap jual nikuba negri jual indonesia harga perintah pusat dukung anak bangsa menciptkan teknologi canggih perintah pusat dukung jabat korupsi real hoaxmalah harga negara eropa negara barat karya anak bangsa indonesia harga jual,positif
198,nikuba efisien,positif
145,pertamina ketar tir nikuba,netral
150,hahahasuu nikuba misel mblgedess cok,netral
39,awalawal temu temu nikuba tanggap positif pihakpihak kait negeri brin kemendikbudristek dll undang temu nikuba presentasi kembang dukung riset sempurna temu nikuba teliti latar akademisi teliti sesuai sop teliti kampus brn kampus sudut sop teliti akademis temu dunia background kampus temu hasil trial and error kali ratus ribu cobacoba hasil temu rasa sinergi temu nikuba brin bagus temu nikuba teliti brin lurus prosedeur riset apa anak bangsa kait inovasi harga penting orang langsung cibir caci kritisi habis,positif
508,negara batas sumber daya lanjut proyek beda negeri pabrik sesuai minyak bahan jadi sumber energi mobil beda pabrik mobil asli produk indonesia bangsa,positif
330,uang milyar murah ferrari uang jg bagi saham kendara ferrari pasang nikuba hak paten aku teknologi nikuba dari ferrari nama damping lawyer bpk ditipudibodohi ferrari,positif
253,brin nikuba masuk akal temu emang nalar temu listrik sangka masuk akal temu nama,positif
498,nikuba kalah pamor narkobamungkin kendala,negatif
476,buka buka situs air proses bhn bakar situs negri banyakbahkan canggih situs sadah pasang kepada trukbusmobilmotor rumus hukum energi bhw energi hasil banding lurus serap butuh,positif
2,nikubadi pakai indonesia bisnis bbm indonesia,negatif
221,anies baswedan lanjut nikuba nasdem alis ubah dukung metro tv,positif
521,mafia bbm kejang kejang nikuba,netral
146,tahan temu nikuba pintar cerdas,positif
241,esemka pakai nikuba negara rugi melulu gara gara minyak tekan angka keluar minyak negara,negatif
515,orang asli,negatif
410,nyusul nyalip bpk temu nikuba anehx negri nyikut duit,negatif
114,lanjut apa nikuba jos gandos,netral
385,searching nikuba teknologi silah cari tonton efektif,negatif
176,nikuba tolak ri mafia rezim bisnis untung rezim jaman pikir ber bisnis negara untung makan perut serta keluarga,negatif
168,cerita nikuba riset rakyat anggap ancam posisi cuan monopoli dagang bbm industritechnologi apa negri konoha basmi tangan birokrat,negatif
436,kalah mafia migas kali nikuba sukses sengsara mafia mafia pensiun,negatif
353,lanjut brin teknologi nikuba jual,netral
342,teknologi nikuba teknologi energi baru pertamina pelopor usaha sumber daya energi inovasi untung usaha teknologi maju ekonomi indonesia ganti bbm tengah harga bbm,positif
136,tidak brin unit nikuba bedah isi kerja tentara pakai kesan misteri gelap,positif
421,maaf klau gw percaya nikuba sbtlnya joko energi joko priyanto nama ho ujung jg pkai bensin coba cari linknya joko energy,positif
254,nikuba ngk cocok mobil esemka cocok mobil ferari mangkanya tolak brin,negatif
479,hati misel jg curiga dari brin ambil untung dari temu semangat inovasi,positif
306,brin cengkeram penting partai xxxx ketua lembaga manfaat bangsa mupus asa teliti negeri nikuba uav elang hitam contoh nyata,positif
469,anis kelak presiden bpk temu teknologi nikuba harga,netral
429,klaim hho ganti bensin salah klaim nikuba aryanto salah desain hho generator model joko energy aryanto jiplak sila cek paten,negatif
255,karya anak bangsa harga dalam negeri harga luar negeri bangsa harga karya anak bangsa maju semenjak jaman bj habibie,positif
232,mantab nikuba urus brin jual modal riset,positif
133,bagus brin aj beli teknologi nikuba harga bandrol ariyanto miliar ariyanto kecewa brin aj terus nikuba kembang jk brin baik citra kepada masyarakat indonesia,positif
33,drama wakanda nikubanikubanyu nikubacotbuktikan cepat produksi jalan sepeda tangki lt kmsemangat,netral
88,bos bos tambang minyak takut bangkrut bahan bakar minyak tidak laku nikuba,negatif
290,nikuba jual brin tahu cipta,netral
44,gimanagimana terang gw sanksi nikuba elektrolisis efesien kasar buang energi elektrolisis air energi langsung pakai gerak motor lepas efesien desain teknis elektrolisis skala paten desain beliau khawatir karya contek orang,positif
61,muncul sedang bae nikuba hahaha,netral
199,mudah tipu media percaya nikuba efisien dikit dikit indonesia maju bacot wkwk netizen percaya berita tolol kyk gin masuk akal,positif
503,rg laku thdp nikuba bukti dungu rezim,netral
532,indonesia kembang nikuba bisa nyinyir,netral
367,malu ajig nongol orang brin bantai habis nikuba,positif
347,muhammadiyah hisab kalender islam global nyinyir brin nikuba nyinyir brin,netral
218,tinggal tunggu kabar italy kendara bahan bakar air temu nikuba frame nikung kipas hasil,netral
302,harga negara cenderung jelek jelek anga salahnyapembuat nikuba jual lainapakah buat nikuba mjd penghianat bangsa mnrt sayaitu relatifknp nikuba subtantif bahaya selamat negarabeda lagijika nikuba senjata musnah massalmisalnyanikuba masuk kategori teknologikalau butuh negara sendirilantas penemuhrs ubah nikuba mjd milik bangsa lainwallohualam bissowwab,negatif
297,jual milyarrrrwotsss alam damping tani kayu pasak bumi produk beli murah tambah beli tani kasih gratis ajapetani mencaksaya gratis moukalian koperasi koperasi catat pegang saham beli mencak nikubamohon gandeng acara hak berat biaya acara kasih fee dariroyalti ferrari beli persentasi royalti pakai alat nikuba mobil ferrari so maju maju indonesia,positif
73,nikuba goreng jelang milu,netral
295,baja nano milik paten jepang manfaat dunia internasional blum teknologi bangkit listrik tenaga air laut paten amerika nikuba tolak brinkalo negara isi orang orang bodoh tunggu hancur,negatif
35,percaya nikuba bual misel fisika bulshit turut liter air km tetes km come on baraya pintar ko analis iniini ud bual media memamfaatkan emosi nitizen berita bombastisayolah be smart main media,negatif
348,esemka lahnikuba lahnakorba lahmacam lahbubar,netral
29,perintah goblok pilih rakyat presiden dukung rakyat putra nkri creator nikuba,netral
437,ngetawain remehen konten nikuba liat hasil,positif
415,takut miyak bumi ngk laku,netral
422,nikuba incar ferrari tolak esemka,negatif
309,dukung sungguh sulit negara koruptor,netral
530,aryanto misel tamat beliau ilmu otak atik alias cocoklogi samahalnya tukang las pandai bentuk helikopter terbang wkwkwkwkwkwkwkk nikuba alat efisien,negatif
217,gegara nikuba gagal paham paham,negatif
27,nikuba bukti efisien,netral
407,persis skandal fenomenal theranos teknologi jiplak inovasi bohong besar klaim air ganti bbm bantu efisiensi bahan bakar ybs ajak uji coba institusi orang uji nikuba tangki bensin tolak takut kuak bohong orang ilmuwan kompeten bidang tertawa nikuba,positif
355,indonesia kembang teknologi nikuba,netral
156,hati resep nikuba nyabisnis asing licik,positif
408,mobil motor bahan bakar pakai air dngn teknologi nikuba timur arab amerika bangkrut bisnis perang harga minyak dunia adalagi bisnis minyak perang,negatif
443,negeri cinta lembaga negara angkat penemukreatifitas anak bangsa memprehatinkan nikuba salah kreatifitas orang indonesia,positif
138,indonesia bahas nikuba tekhnologi dll byorka nangkap dah gas negeri insyaallah harga,positif
212,gila negri apresiasi tni semangat moga karya bangga indonesia,positif
104,eropa kembang nikuba mobil motor jual indonesia ngasih ajar orang indo btapa harga temu,positif
424,negri hasil nikuba kalah batrai listrik sawit,positif
420,awas prank km air tekor aki bos brin hemat bbm pure air nikuba tempuh jarak kecuali air nikubanya aki super benara model alat joko energy nikuba micel muncul,positif
501,teknologi tahan indonesia hayoo galang dana misel teknologi nikuba cuman segitu netizen galang dana misel,netral
215,mobil listrik karya kupukupu malam jogja jga nasib sma nikuba,positif
471,iya kelas ferari teknologi bahan bakar hidrogen,positif
189,kecewa pas brin itali brin alat shg nikuba ngejual taknologinya kpd orang itali mending uji kompeten hasil,positif
214,nikuba proyeksi tikus tikus negara lapar iyaa,negatif
513,bravo karya anak bangsa aku bangsa semangat nikubapenemuan hebat tetap harga aku pemimoun negeri,positif
204,pro rakyat rakyat wi njar brin limpah dana apbn kembang riset alat politiksabar anies kembang teliti nikuba promosi dunia internasional sekjen pbb menit langsung tuju konsep climate change anies,positif
234,nikuba tolak ri ri ilmu dana tenaga air ferari emang canggih master mobil dana update apasaja nikuba temu orang indonesia terima negara update ilmu dana,positif
259,elite senang jual minyak kurang anda nikuba alternatif bahan bakar irit potong cuan perintah indonesia pasilitas uji temu indonesia gantung andai ilmuwan riset kembang ilmu bicara perintah indonesia kapasitas tahu ahli indonesia bagus uji tuju ilmuwan kenal cerdas indonesia contoh habibie ajh indonesia kapasitas ilmuwan uji temu habibie presentasi jerman ilmuwan teknologi jerman kepada kepada cerdas main uji pakai negara saran uji temu riset indonesia jadi semangat orang indonesia andil dunia ilmu teknologi modern lu uji indonesia mikir cuan duit inti tpkalo orang barat netral apresiasi temu negara mana,positif
67,mes neh bahas mes nikuba orng jngn gaduh akan ne tolak negeri coba lihat minusny kelebihanya kendara motor mobil indonesia tu aman kah,positif
24,media bodoh fakta aryanto italy bawa nikuba nikuba uji coba buat rumania aryanto dapat transaksi harga dapet aku italy,negatif
216,berani beratuh harta nikuba hoax klaimnyasilahkan inbok berani,positif
300,hak paten misel dapet royalti produksi nikuba,netral
223,jelasjelas kodam iii siliwangi meng uji jalan nikuba tempuh cirebon semarang pikir kodam iii membohingi publik jatuh marwah institusi negeri sambut apresiasi berkompwten go international aryanto dukung,positif
129,tunggu usaha otomotif eropa lirik nikuba lanjut tahap lirik,netral
463,simpul bang anis baswedan jawab anis presiden nikuba aku negara,netral
111,yaampun bodoh publik media tonton juta orang italy berita nikuba,positif
166,jgnkn nikuba cm seuprit doankpesawat predisen bj habibie sj aku negara saran klian pinter kl karya aku negara buat sistem korupsi struktur susah lacak aku support lngsng,positif
511,karia anak bangsa harga negeri sendir sehat salalu nikuba,netral
482,kabar hujat temu nikuba moga kena mental,positif
40,nikuba joko energi temu nikuba,positif
274,brin rezim takut teknologi nikuba jual asing,netral
432,mobil listrik harga kembang eh rame mobil listriksekarang temu nikuba lirik kembangin jugahadeuh jngn smpai sesal,negatif
79,temu hoax pangdam tambah minta produk dari nikuba produk uji unit kendara kodam siliwangi denger pangdam tambah unit masuk akal orang itali buang dtang kesini repot undang mil bangsa bodoh bangsa brin teknologi ambil unit motor pakai kodam siliwangi bukti dokumentasi masyarakat awam plonga plongo kek orang linglung ngapain temu indonesia dlu efisien nikuba harap arianto sempurna,positif
380,negara majukarya anak bangsa disupportpdhal nikuba sukses negara buka lapang kerja tambah hasil negara impor,positif
382,liat nikuba sukses negerimaka brin tutup usia,positif
327,nikuba cepat produksi negara beli formula aryanto sukses aryanto,positif
13,nikuba tolol,negatif
287,bayang nikuba liter air kmpertamina bangkrut,netral
326,indonesia ni bos negeri penuh penting pribadi kelompok orang misel temu nikuba nasip mafa mafa mafa oh mafa,positif
502,jokowi gercep engga eropa engga butuh nikel indonesia ilmu nikuba jual indonesia mahal,netral
251,perintah aku nikuba air nikuba jadi bbm minyak laku perintah cari cuan,netral
228,nikuba rugi negara tangkap temu,negatif
425,knapa tv mtro bela nikuba angkat politik objektif tv metro kes tv politik,netral
161,konoha pakai nikuba minyak laku alhasil usaha minyak belakang perintah cuan sedang jabat konoha dapet cuan deh,positif
83,sedih banget media nge goreng ilmu tahu nyari animo marah rakyat perintah inget perintah indonesia bodoh blue energy konsep persis nikuba hasil media rakyat indonesia minim literasi tinggal baca hukum kekal energi energi muncul tiada output energi input juta persen mesin pakai bahan bakar air elektrolisis hasil hidrogen mesti repot repot ubah air hidrogen bahan kaya hidrogen halu kayak emang kesel perintah indonesia bobrok emang perintah bobrok bohong dosa dear surya paloh politik emang manis jual tahu bahan politik,negatif
117,mudeng sistem nikubanya gx aplikasi emang ganti bbm jg gx energi pisah banding gx nuklir ganti bbm tah orang indo rame gax mikir batu ponari tidak celupin inti baik aku,positif
374,sensasi wartawan sokong nikubasaya ntar bikin info konspirasi nikuba dimatikanbla bla bla,positif
25,negeri banyak koruptur modalin nikuba mending duit makan,netral
110,nikuba terap pasar indonesia pertamina ancam jg listrik susah damping dukukung perintah,positif
149,temu bentuk mentah olah orang negeri beli nikuba telan mentahmentah olah optimal otak koruptor emang malas mikir mikir untung kaya hajar heran puluh alm bj habibie parah,positif
152,copot jabat kemarin aku nicuba teliti,netral
16,nikuba direspon mafia minyak tidur kolong jembatan,positif
412,pertamina takut bangkrut wkwk,negatif
331,otomotif italia ajar nikuba kembang nyata resmi nikuba pakai,positif
109,simpel nikuba pecah hidrogen oksigen air ho energi listrik proses elektrolisis hidrogen hasil elektrolisis bahan bakar simpel debat ho air salah senyawa stabil alam semesta reaktif air bakar saking stabil sifat stabil energi pisah hidrogen oksigen air kerja nikuba air elektrolisis hidrogen bakar energi gerak proses elektrolisis nikuba ambil energi listrik aki ahli duga aki motor tekor proses elektolisis efisien boros energi aki cas mesin motor hukum termodinamika ajar fisika dengar hukum kekal energi energi cipta musnah energi ubah bentuk bentuk energi poin yak hukum kekal energi coba terap nikuba asumsi proses elektrolisis efisien sebenernya mustahil aki energi listrik proses elektrolisis nikuba energi listrik ubah energi hidrogen bakar mesin energi panas energi gerak energi gerak pecah energi gerak roda energi gerak gerak alternator energi gerak ubah energi listrik aki aki mula energi listrik siklus suplai energi listrik alternator skeptis aki motor tekor sedot listrik asumsi nikuba hemat bensin ganti bensin pure bensin tekor nikuba bensin aryanto misel jamin hadiah nobel patah hukum kekal energi isi dunia heboh negara lomba dapetin teknologi negara haus banget energi amerika gantung minyak timur moga tulis tidak mumet wkwk bisa jelasin awam,positif
446,waduhh perintah khawatirsementara indonesia giat giat hilir tembaga nikel dll butuh batrai mbl listrik nikuba kembang berhasilkeuntungan depan mata khawatir sirna,positif
427,okenikuba potensial eropa nikuba butuh energi listrik lha eropa pakai nuklir bang menang ri pakai nikuba kantong compang camping tembus dengkul bang,positif
139,nikuba aku kembang indonesia usaha spbu indonesia tutup rugi,netral
237,brin mil uang suap boss ferari indo tetep nolak nikuba teknologi nikuba otomatis paksa jual boss ferari orang orang brin kaya uang suap italia maju nikuba rakyat indo miskin kurang kembang teknologi,negatif
260,misel halu temu guna motor full bahan bakar air tunjuk publik silah paten temu curi orang nikubaadalah mesin tenaga air wakanda orang gampang tipu ilmuwan abal abal,positif
352,untung beli hak nikuba ubah air jdi bahan bakar tpi mesin ilmu tahu rahasia,positif
433,iri kaya rakyat pilih nikubabbm guna bbm pangkuanya konoha banyk terroris segi ekonomi,negatif
317,murah perintah ambil alih kembang indonesia saing mobil listrik laku gara nikuba,negatif
323,pikir nikuba saing mobil listrik masa tv belah ri pabrik besar bateray gandeng australia,netral
490,nikuba efisien hemat bbm hydrogen murah mafia minyak halang temu,positif
248,brin aku nikuba pertamina bumn ketar tir,negatif
399,bensin ntar laku,netral
548,brin angkuh aku hasil temu tehnologi anak bangsabubarin brin guna,negatif
19,paham fisika percaya klaim nikuba,positif
328,amsyong jual bbm endonesa sampe nikuba terima endonesa,positif
296,muncul obat hiv cegah rilis dunia mati bisnis farmasi nicuba takut pertamina batubara laku,negatif
528,nikuba buat anies tidak laku brin,netral
269,baca ira nikuba inti nikuba bukti uji italia lamborghini orang membohingi,positif
363,teknologi perintah kembang teknologi jalan uji ilmiah bareng ahli indonesia nikuba jalan temu nikuba langkah laku genset bahan bakar air gampang prinsip kerja jalan misel orang kaya indonesia temu sulit tantang bukti,positif
226,nikuba hoax,negatif
470,temu bahan bakar air sempurna faktor salah satu butuh energi pisah air hidrogen efektif bahan bakar fosil solusiny suhu bumi panas solusi nikuba salah solusiny semangat inovasitidak mustahil maju ilmu tahu,positif
3,nikubadi pakai indonesia bisnis bbm indonesia,negatif
534,takut pertamina bangkrut tolak nikubacontoh indonesia subur beras impor garam impor maju indonesia dari usaha pengin instan beli impor,negatif
125,malu berita nikuba diviralkan dieropa japan pakai teknologi bas hydrogen toyota mirai inggris stasiun isi bahan bakar hudrogen mobil,negatif
280,jelasapabila nikuba alternatif ganti bbm usaha jabat alami khawatir rasa income dari bbm,positif
286,mobil motor listrik libas teknologi nikuba rugi besar indonesia gara gara brin otak bawah,negatif
77,upin ipin skarang nikuba harga negara ngapain brin hadir hahahahaahah,positif
184,nikuba keren brin cilukba,positif
371,ayo beli nikuba netizen dukung nikuba,positif
492,perintah ri nikuba perintah bunuh pertamina bangkrut,negatif
543,orang brin potong bisnis nikuba,positif
275,nikuba alat hemat bbm bahan bakar air nikuba hak paten joko priyono joko energy percaya lihat chanel youtube joko energy detail nikuba hemat bbm surat hak hak paten joko energy itali eropa kena prank moga itali bongkar bohong nikuba klaim bahan bakar air fakta hemat bbm italia eropa beli miliar rupiah italia eropa bodoh bohong,positif
294,hidup nikuba bubar brin manfaat,positif
524,moga perintah zimbabwe harga kretifitas cerdas putraputri negeri harum nama negara temu jenius guna dunia bravo zimbabwe terima kasih,positif
182,nikuba trussblum aryanto viral joko energycoba metro tv liput joko energy kaget desain hho generator sma kyk kepunyaanya nikuba pdhl duluan joko energy,positif
32,negeri sulit harga hasil karya anak bangsa nikuba anyar stadium jis milik cacad hasil karya rezim konco konco cacad kurang disanjungsanjung sedih,negatif
80,air bbm mustahil perintah bertanggungjawab klarifikasi korban tipu nikuba,negatif
307,nikuba dikembangkanpenjual bbm antek rugi besarmakanya hambat,negatif
258,insinyur bodong komentar miring hujat nikuba isi otak titel deret banding temu nikuba dungu makmur potensi anak negeri bungkam dungu ngajak orang,negatif
11,rakyat nkri bangga hasil viral pikir ilmiah kesana benerin nikuba rumania,positif
360,belagu berani banget ricky nelson paten motor listrik habibie paten terbang harga paten nicuba bebal negri,positif
496,moga perintah zimbabwe harga kretifitas cerdas putraputri negeri harum nama negara temu jenius guna dunia bravo zimbabwe terima kasih,positif
86,gasss tv kasih kendor naikin nama nikuba brin presiden jokowi kena prank temu nikuba hujat deh netizen rakyat indonesia raya terima kasih angkat berita latih bangsa overproud mudah bodoh media,negatif
266,kcewa sma negara bukti orang memghargai hasil krya jual nikuba paten aj buka rahasia,positif
36,korban bodoh media tvdi yt bahas gagal nikuba,negatif
193,om hak paten nikuba made indonesia jdi nikuba pakai mana kompensasi umur hidup jadi sperti harley davidson ulang om harley company gede abis lenyap higga bangkit sedang nol cuman gara dlu produksi pakai karbu brand,positif
58,asli mentah hati temu nikuba presenter harap perintah brin tingkat nikuba inipak misel lantang tidak butuh nantai habis lugas pobroknya rezim gedung dpr telusur google kandang tikus jabat banyak tugas partai tugas rakyat,positif
41,nikuba bangga bangsa mati temu dari anak bangsa lari negeri harga bangsa contoh temu obat dbd dari kota pontianak mati mati juang hasil temu tolak negara riset obat dbd hasil indonesia temu anggap sepi ajamana orang teliti gelar profesor tidak malu masyarakat hasil riset,positif
270,ngabalin risma abu janda apresiasi rezim banteng banding nikuba,positif
411,coba metro riset joko energy deh nikuba,positif
50,emang barat tarik produk nikuba teknologi mumpuni pakai minyak ketawa takut hujat,positif
209,fakta aryanto kmrn undang italia negosiasi alat nikuba aryanto terbang italia bantu baik alat nikuba romania rusak lebih cma dar drama patut nanti episode,negatif
545,kasihan teliti jual cipta nikuba rp milyar nilai uang hak intelektual pakai manusia murah fee moga semangat teliti sehat,positif
485,salut kembang teknologi hho nikuba temu apa sulit kembang produksi masal biaya perban institusi produk rugi bisnis badan usaha negara dapet biaya bentur perijinan ijin usaha kecuali pakai sendiriinilah realitanya cuman negri nikola tesla temu teknologi hho temu takjub tidak publikasi,negatif
529,sulit teknologi ubah air bahan bakar tinggal cari hak paten produk paten negeri negeri orang usaha produk bayar royalty milik paten,positif
509,nikuba mantul go ue,positif
123,seriusin nikuba alat politik esemka mobil nasional order,positif
222,negri tidak harga hasil karya anak bangsa dukung usah negri pakai nikuba,positif
419,perintah mending ngurusin rumput ketimbang ngurusin nikuba,positif
62,tau ku nikuba,netral
461,nikuba ekstrak hidrohen ho unsur air hidrogen gerak mesin energi ekstrak ho km liter lumayan liter air pakai mesin scoopy smpai liter bensin pertalite km energi ekstrak hidrogen murah liter pertalite mantap,positif
377,nikuba,negatif
130,canggih teknologi nikuba murah lamborghini ferrari politik dunia usaha hambat berat indonesia maju,positif
187,jago automotif toyota bmw detroit kalah nikuba temu hydrogen bahan bakar automotif,positif
23,sains kembang masuk akal tolak mentah cibir ilmu nyampe orang pintar buka inovasi terpa rumus enstein hawking orangorang pintar lampau,positif
456,nikuba inovasi yull brown temu generator hho,positif
484,gin poin soal prinsip kerja nikuba beda teknologi metode elektrolisis uji ilmiah apa misel uji alat ilmiah bukti hasil dukung brin nyata brin wawancara aiman hasil uji usaha percaya tarik klaim masuk akal contoh jalan km hitunghitungan fisika alias mustahil alat jual miliar uji ilmiah orang percaya beli harga miliar bukti ilmiah tangkap berita viral tuju dapat dikomen diskusi,positif
43,brin disalahin negara duit hasil jenius nikuba,negatif
370,pin ferrari perintah cawecawe kerja bareng orang harga ntar nikuba dunia benarbenar aplikasi pas sempurnagw cawecawe ajar sejarah mobil listrik nasional ajar sejarah ricky elson,positif
394,nikuba dunia negara esemka,netral
0,anggar rp triliun nikuba karya anak bangsa insyaa allah laquwwata illa billah,positif
383,saran temu lirik perintah banyak mahasiswa unjung temu publikasi youtub media sosial youtubenya jokowi ni nyoba nikuba aman lo teknologi ambil orang,negatif
201,tesla batre terkenalnyasepertinya nikuba kembang ni saing sanding mobil smea sepeda motorbisa produk jempol indonesialagian harga bilang murah banding uang korup untung raup nikuba kembang produk pasar masal,positif
405,heran percaya dikibulin aryanto miselorang beli nikuba susah sewa ogah alesan juta emang niat nipu,negatif
368,nikuba tinggkatkan rigikan oligarki,negatif
518,orang licik indonesia perang lawan bangsa asing beperang bangsa brinnn bagus sayang oknum nkri tiputipu harga bangsa,negatif
98,rugi pertamina nikuba terima,negatif
387,tahan hasil karya direbutdiakui oknum salah,negatif
349,ferrari gratis presentasi itali tarik beli teknologi nikuba anda ferrari tarik beli misel damping negiator capabel misel turun terima rolyalty misel tiada,negatif
304,tantang anak bangsa kembang remeh bangsa persis pimpin bangsa usir jajah negara asing mudah banding lawan jajah bangsa,negatif
418,negri hasil nikuba kalah batrai listrik sawit,positif
292,bukti pulang mil cuman bawa cerita sensasi kunjung teliti tunjuk bukti berkalikali hubung beli tanggap omong kosong produk jual jepang hongkong order negeri penuh kontrak kerja ngaku kecewa orang italia bodoh hal orang brin itb ui its ugm akademisi indonesia cuman tukang mimpi percaya nikuba sulap air bbm sama aryanto misel bj habibie kuliah karirnya moncer jerman,negatif
178,nikuba omong kosong,netral
369,brin indonesia enak korupsi uang kembang potensi karya anak bangsa enak orang brin indikasi nikuba orangorang pesan tidak wajib ahli,positif
256,admin coba kroscek ulang kendara pakai tentara nikuba dulubiar validsudah tahun admin,netral
94,rusia ketar tir menghalangin suap nikuba lolos eropa akibat minyak rusia blokir akibat perang ukraina vs rusia,negatif
197,jual tahan dukung negeri cemooh orang brin moga jaya moga orang brin kesana hambat caplok nama nikuba,positif
95,nikola tesla nisa bangun tower listrik gratis hancur kapital untung produksi massal untung kapital orang brin loby gin inti nikuba minat alas ilmiah,negatif
538,taun tni coba motor pakai nikubatapi bantai brin,netral
163,tenang ntar indonesia beli nikuba itali kesan beli barang kualitas alas teknologi aman evisien lucu nikuba sukses negara orang ntar beli dana ambil uang rakyat,positif
169,jg hilang tu nikuba lupa wktu sby kepincut ama produk model gin kecewa cm pepes kosong klaim cirebonsmg pp liter air mampir dipom kali bahas,negatif
69,hho generator bilang ganti bbm sains mesin gerak hidrogen nikuba hasil hidrogen kendara bbm gin misel niru produk orang yo bacot dah mesin nikuba cipta bikin joko energy cipta,positif
305,angin segar negara eropa saat sedang krisis bbm nikuba langsung auto teliti produksi massal negeri,negatif
48,takut bangkrut klw pakai nikuba,negatif
341,alas bangsa majumereka butuh orang hebat orang jahat,negatif
373,lepas usaha temu mari bahas segi ilmiah liput beliau klaim liter air tempuh jarak km tempuh motor asumsi lkm butuh liter bensin tara mj energi efisiensi liter air ubah hidrogen efisiensi hasil kg hidrogen tara mj tanya mj energi gerak motor km masuk akal pandang ilmiah lebih nilai diskusi mari diskus,positif
397,moga nikuba produksi masal kalao kendara motor nikuba egk sedang ngantri pom bensin moga nikuba wujud,positif
207,nyinyir ama nikuba kangen,negatif
279,harga buka maranello ducati suruh buka komponen alas bukti karya buka komponen nikuba batal italia garagara maranello ducati buka komponen nikuba,positif
517,woy bangga sma ngapain nikuba nikuba,positif
227,presiden teliti kembang go internasional kenteng magic ajak motor mobil nikuba export indonesia jaya orang,positif
148,makar temu nikuba tu temu ilmu ahli indonesia ajar pecah mungkinmustahil jawab kecuali barang institusi riset teknologi indonesia unsur mafia maju indonesia tu institusi institusi angkat tanganminim prestari laku audit,positif
143,nikuba pasar bensin dll laku,netral
334,nikuba ferrari irit supra,positif
522,pasar usaha kompetitor nikuba kaya orang tukang goreng tukang goreng inovasi kreativitas kalah saing,positif
180,banyak ngehayal orang bicara dasar fisika konversi energi air ho pecah hidrogen oksigen nama elektrolisis butuh energi teknologi nikuba air ho pecah energi listrik hasil hidrogen jadi bahan bakar hasil energi gera sepeda motor segi fisika termodinamika konversi energi efisien energi listrik pecah senyawa air hidrogen hidrogen bakar energi gerak motor efisien langsung energi listrik utntuk gera motor kembang motor listrik teknologi nikuba kembang efisien hukum termodinamika konversi energi lihat masyarakat indonesia paham buat narasi air bahan bakar mebutuhkan energi ubah air hidrogen mafia maju akademisi ilmuwan tolak temu dll orang tolol,positif
356,anak bangsa bidang teknologi kayak bpk bj habibicuma nikuba temu bj habibi tua jg pakai olenh bagsa iniyg bangsa butuh orang cerdas butuh jabat bejat ajak kerja korupsi,positif
460,kulo nyengkuyung menawi arianto mentranfer nikuba dhateng ferari supados saking ferrari meniko saget ndamel bumi sehat bebas saking polusi saking ferarri ilmu tekhnologi nikuba saget nyebar doyo arah bumi,positif
131,nikuba teknologi manfaat manusia,positif
127,nikuba efisien tekor jadi energi,negatif
47,bumn dah bangkrut nikuba massal jabat bumn pertaminaini nikuba sulit tembus,negatif
452,sumber energi utama air percaya hukum kekal energi,positif
262,jual apa detail hydrogen combustion engine mah biarin teknologi toyota katalis electrolysistnya gw saranin brin tindak cepat peluk nikuba culik orang,positif
324,dukung sungguh sulit negara koruptor,netral
203,nikuba hayalan gaya temu tidak bukti orang tolol percaya air ubah minyak bbm kendaran hahaha hahahaha halu tingkat dewa,negatif
84,kolaborasi nikuba motor listrik,netral
426,nikuba pakai indonesia ntar mobil esemka produksi donks,netral
121,harga perintah takut warga indonesia nikuba bahan bakar minyak salah hasil anggar negara besar,positif
547,nikuba bahaya tampung langsung cerdas,positif
523,unit mesin nikuba emang harga,netral
542,nikuba bohong gais,netral
398,dukung kasih nikuba negeri indonesia harga karya anak bangsa ngk ngotak mmg perintah ni tahun lo temu nikuba perhati perintah ngk harga,positif
384,aduh bodoh indonesia hebat temu nikuba indonesia auto kaya usaha mobil sport italia untung kasih formula tolong perintah ambil temu nikuba italia kembang sukses aduhh,positif
91,temu super nikuba pakariantoharusna negara turun kembang sampe negara laen mematenkanluar air ubah hidrogenair ganti bahan bakar,positif
82,teknologi gituan han nyata work usaha antre tidak ferrari alatu lamborghini misel deh toyota kawan kawan tidak libat perintah usaha nikuba contoh pt joko energi coba search tidak percaya metro bodohin masyarakat deh,positif
430,takut nikuba sukses you know lahhh birokrasi,positif
267,temyan tipu bhw nikuba hny air ganti bbm,negatif
119,tunggu apresiasi hujat sederhana sistem mekanisme nikuba kelas italia paham,negatif
291,negara korupsi nikuba karya anak bangsa karya anak bangsa abai,netral
57,pertamina takut nikuba produksi,netral
321,nikuba tipu tahan aryanto tebar hoax air bensin kakek tua tipu murah,negatif
257,pikir maju indonesia salah negara kaya dunia klau nikuba ganti bbm negara butuh alternatif energikrn minyak bumienergi habis alternatif beli perintah indonesia bumn,positif
442,kasihan ariyanto dikerjain kayak curi teknologi produk otomotif nikuba royalti paten bill gates kaya ahli sains ahli paten produk orang beli buka informasi brin lembaga guna habis anggar bubarin brin,negatif
42,kendara indonesia jalan teknologi nikuba mobil indo bahan bakar bensin dll usaha mobil dukung teknologi nikuba yaituuuuuu esemka esemka produksi pas musim pilih produksi tugas partai omong planga plongo,positif
388,brin tolak nikuba brin ambisi kemarin brin keluar mobil tenaga air alih rubah cell mobil lakumotornya jg laku buat brin ribet harap pk miksel sumbang dunia negeri neraka pribumi kemarinsangat harap egin diesel nikuba tunjang usaha perintah diam,negatif
335,usul temu nikuba urus kewarganegaraan pindah itali,netral
273,brin nyampe ilmu egois beli produk nikuba bukti bukti fungsi bukti ilmu brin nyampe bajar aryanto misel support hak paten hasil produk patah cemooh hasil temu orang,negatif
488,nikuba hoax apa maksimal,positif
53,jual uni eropa paklebih aju perintah kembang produksi mesin nikuba bahan bakar air,positif
525,tuju sm bapak temu ank bangsa pernh harga mending jual aj keluarnegri nnti benr produksi masal kendara nm tetep dunia bagi penemusukses,positif
128,selamat dunia kena prank nikuba,positif
28,nikuba massall celaah untung akn kecill sdikit celah korups jamaah bibit anak bangsa cerdas anggap rugi sampe kiamat sluruh jabat jajah mu turun turun,positif
183,nikuba dokter awan korban orng pintar licik,positif
459,produk nikuba beli harga bohong orang indonesia kemarin bilang alat bilang formula,positif
510,brin aneh ngomong ragu nikuba dateng ngetest nikubanya normal manusia ragu bukti brin tidak ngomong doang dateng kocak,negatif
151,orang pintar indonesia dbuang ayoo ferrari cepet beli lisensi nikuba politisasi jabat wakanda,positif
244,sayang buat nikuba transparan temu pakar teknologi bukti bukti hasil monggo buat hak paten hak kemenkumham,negatif
265,politik usaha bumn takut pertamina bangkrut nikuba produksi masal pertamina gulung tikar,negatif
288,memang aorang pintar orang nikuba omong,positif
423,ferari pakai teknologi nikuba negeri wakanda perintah cengangas cengenges kek orangorang dungu,netral
147,nikuba pas era cocok kembang padu motor mobil listrik milik kapasitas listrik kendara motor konvensional sumber listrik kendara listrik sumber baterai rem mekanik dll proses hidrogen air butuh butuh listrik besarkurang maksimal kendara konvesional milik aki acu penuh butuh listrik tuju hidrogen air bahan bakar kendara,positif
177,nikuba indonesia dukung lai mahal harga jadi usaha peeusahaan adopsi,positif
99,masalah brin remeh karya anak bangsa campur urus nikuba,negatif
448,nikuba ndubus,netral
431,pulang italy cuman dapet uang euro buku formula nikuba yakali enak banget orang italy ambil formula nikuba kompensasi sesuai,positif
115,beli nikuba perintah itali otomotif itali salah perintah indonesia indonesia otomotif buat asli indonesia nyinyir perintah indonesia,positif
72,indonesia nikuba temu bagus teknologi indonesia teknologi terap nikuba industri otomotif sumber energi temu,positif
537,kasihan teliti jual cipta nikuba rp milyar nilai uang hak intelektual pakai manusia murah fee moga semangat teliti sehat,positif
174,kkn pelihara negara konoha model nikuba temu anak negeri,netral
87,indonesia bwrgantung sumber jual bbm pertamina sumber dana negarajika air ganti bbmnegara indonesia rugi triliunanjuga royalti jual bbm perintah uang kantongbayangkan rugi perintah air bahan bakar bbm rasa cemas bbm guna tentang habis idea nikuba sumber ekonomi indonesia besar gantung jual ekspor bbm tempat,negatif
486,efektif tu teknologi brin bu eniya yng faham hhydrogen bos suruh yng neliti tu nikuba,negatif
314,mobil listrik jamur manjadi lahan komersial tanah air putra bangsa indonesia kembang bnyk halang masalah hukum putra bangsa indonesia kontribusi bidang transportasi ramah lingkung sulit sempat emas sungguh aneh negri bukti tunduk konglomerasi kapitalisme hidup indonesia,negatif
396,bagus jual negeribukankah nikel diamdiam jualnikuba terang terang,positif
472,nunggu produksi motor nikuba,netral
70,takut disaingin produk perintah nikuba takut rugi lanjut cita nikuba indonesia aku negara aku ahli semangat nikuba bantai habis brin wajar jual negeriwkwkwk,positif
277,bukti jual manfaat laku omong doang nikuba khayal joko energi jual laku hemat bbm,positif
9,ko bajing brin cuek sm temu nikuba ngapain ikut itali curiga sepakat nikuba jk kerjasama mk simpul kegoblogan brin,negatif
359,nikuba stadion jis karya anak bangsa kelompok mafia jelek jelek rusak stadionnnya,negatif
192,dapat pribadi nikuba jalan mulus efektive teknologi canggih media gembar gembor sebar berita dwi batang kendondong vaksin merah putih bibit padi tangan robot dllpada bukti,positif
